Test,F-statistic,p-value
ANOVA,182.4502927123165,7.877383376735098e-144
