Gesture,Chi2,p-value
Increase volume,92.00839429485612,2.5425704489968206e-18
Decrease volume,289.9749142561314,1.4308435973899254e-60
Mute microphone,31.961438843228738,6.0466385306565035e-06
Unmute microphone,41.52930302986638,7.334264722619808e-08
Turn off camera,13.55643476939141,0.01868657784936519
Turn on camera,52.275165389390324,4.737302665038059e-10
Ask for a question,24.828241294717706,0.000150385904098467
End call,36.15250327897986,8.853747548199071e-07
