Test,F-statistic,p-value
ANOVA,216.59968948504633,9.332895055822534e-169
