Gesture,Chi2,p-value
Increase volume,151.74802242280964,5.667560516767932e-31
Decrease volume,242.30156970833897,2.4637789364306265e-50
Mute microphone,64.34918485827541,1.5292228693414114e-12
Unmute microphone,50.03402067406641,1.3637600999288667e-09
Turn off camera,71.06141646149993,6.161427927355867e-14
Turn on camera,35.103554814041125,1.4347199834333047e-06
Ask for a question,51.01837263518557,8.574098896821311e-10
End call,22.876695548826532,0.000356387938242515
